21.01.1107.00,SINGLE YATAK 100X200,319
21.01.1113.00,SINGLE YATAK 90cmX190cm,259
21.01.1116.00,BABY YATAK 70cmX130cm,199
21.01.1117.00,SINGLE YATAK 90cmX180cm,249
21.01.1123.00,SINGLE YATAK 90cmX200cm,279
21.01.1126.00,BIMATTRESS SPRING YATAK,279
21.01.1127.00,BIMATTRESS LATEXY YATAK,389
21.01.1128.00,SINGLE LATEXY YATAK 90cmX200cm,389
21.01.1153.00,SINGLE XL YATAK,389
21.01.1193.00,BABY YATAK 60cmX125cm,189
20.01.4911.00,FLORA BEBEK CİBİNLİK,129
20.12.4910.00,OCEAN BEBEK CİBİNLİK,129
20.17.4903.00,BABY SAFARI CİBİNLİK,129
20.18.4902.00,BABY DREAM CİBİNLİK,129
20.19.4905.00,BABY FLOWER CİBİNLİK,129
21.06.4904.00,LOVE CİBİNLİK,129
21.06.4907.00,BALLERINA CİBİNLİK,129
21.06.4908.00,FLORA  NEW CİBİNLİK,129
21.06.4909.00,ROMANTİK CİBİNLİK,129
21.06.4992.00,PRINCESS CİBİNLİK,129
21.06.4993.00,LILA CİBİNLİK,129
21.06.4997.00,FLORA CİBİNLİK BLUE,129
21.06.4999.00,FLORA CİBİNLİK PINK,129
21.07.7613.00,FLORA MEDIUM HALI,229
21.07.7614.00,FLORA LARGE HALI,299
21.07.7615.00,LILA MEDIUM HALI,229
21.07.7616.00,LILA LARGE HALI,299
21.07.7619.00,RACER MEDIUM HALI,229
21.07.7620.00,RACER LARGE HALI,299
21.07.7623.00,OCEAN MEDIUM HALI,229
21.07.7624.00,OCEAN LARGE HALI,299
21.07.7625.00,PRINCESS MEDIUM HALI,229
21.07.7626.00,PRINCESS LARGE HALI,299
21.07.7627.00,FLOROWERS MEDIUM HALI,229
21.07.7628.00,FLOWERS LARGE HALI,299
21.07.7644.00,BICARPET MEDIUM HALI,229
21.07.7645.00,BICARPET LARGE HALI,299
21.07.7646.00,FLORA MEDIUM HALI PINK,229
21.07.7647.00,FLORA LARGE HALI PINK,299
21.07.7650.00,DIAMOND MEDIUM HALI GREEN,199
21.07.7651.00,DIAMOND LARGE HALI GREEN,269
21.07.7652.00,DIAMOND MEDIUM HALI BLUE,199
21.07.7653.00,DIAMOND LARGE HALI BLUE,269
21.07.7654.00,DIAMOND MEDIUM HALI ORANGE,199
21.02.4217.00,FLORA NEVRESIM TAKIMI BLUE,129
21.02.4218.00,LILA NEVRESIM TAKIMI,149
21.02.4219.00,CUPCAKE NEVRESIM TAKIMI,129
21.02.4220.00,OCEAN NEVRESIM TAKIMI,149
21.02.4231.00,FLORA NEVRESIM TAKIMI PINK,149
21.02.4232.00,BITEXTILE NEVRESIM TAKIMI,169
21.02.4238.00,FLORA PLUS NEVRESIM TAKIMI PINK,169
21.02.4248.00,BASIC PLUS ÇARŞAF SETİ PURPLE,49
21.02.4249.00,BLACK PIRATE NEVRESIM TAKIMI,169
21.04.4511.00,NATURAL YORGAN,109
21.04.4540.00,SILICON YASTIK,19
21.99.4236.00,DOTTY NEVRESIM TAKIMI,69
21.03.4136.00,BABY DREAM SINGLE UYKU SETİ,229
21.03.4137.00,BABY SAFARI SINGLE UYKU SETİ,229
21.03.4138.00,BABY DREAM SINGLE PLUS UYKU SETİ,229
21.03.4139.00,BABY SAFARI SINGLE PLUS UYKU SETİ,229
21.03.4140.00,BABY FLOWER SINGLE UYKU SETİ,229
21.03.4142.00,BABY FLOWER SINGLE PLUS UYKU SETİ,229
21.03.4146.00,OCEAN BEBEK UYKU SETİ,229
21.03.4147.00,FLORA BEBEK UYKU SETİ,229
21.09.3307.00,DAISY PUF GREEN,129
21.09.3308.00,DAISY PUF PINK,129
21.09.3311.00,FLORA SANDIKLI PUF PINK,249
21.09.3312.00,FLORA SANDIKLI PUF BLUE,249
21.09.3401.00,BIPUFF MINDER,149
21.09.3404.00,FLORA PUF PINK,119
21.09.3405.00,FLORA PUF BLUE,119
21.09.3437.00,COMFORT ÇOCUK KOLTUĞU RED,199
21.09.3438.00,COMFORT ÇOCUK KOLTUĞU PINK,199
21.09.3439.00,EKOSELİ SANDIKLI PUF,259
21.09.3441.00,ROMANTİK PUF,349
21.09.3442.00,YAKUT PUF,349
21.08.8408.00,RELAX SANDALYE GREEN,249
21.08.8409.00,RELAX SANDALYE ORANGE,249
21.08.8423.00,RIBBON SANDALYE,179
21.08.8438.00,RELAX SANDALYE PURPLE,249
21.08.8446.00,BISEAT SANDALYE,279
21.08.8447.00,FLORA SOFT SANDALYE PINK,289
21.08.8448.00,FLORA SOFT SANDALYE BLUE,289
21.08.8449.00,FLORA SANDALYE PINK,179
21.08.8450.00,FLORA SANDALYE BLUE,179
21.08.8453.00,STAR PLUS SANDALYE GREEN,229
21.08.8454.00,STAR PLUS SANDALYE ORANGE,229
21.08.8455.00,LEADER PLUS SANDALYE RED,249
21.08.8456.00,LEADER PLUS SANDALYE BLUE,249
21.08.8458.00,COMFY EMZİRME KOLTUĞU,599
21.08.8459.00,SPLIT SOFT SANDALYE,219
21.08.8460.00,SPLIT SANDALYE,159
21.08.8461.00,BLACK PIRATE PLUS SANDALYE,329
21.08.8463.00,EKOSELİ SANDALYE,169
21.08.8464.00,EKOSELİ SOFT SANDALYE,259
21.08.8465.00,FLORA NEW SANDALYE,269
21.08.8466.00,ROMANTİK SANDALYE,269
21.08.8467.00,YAKUT SANDALYE,269
21.11.9010.00,KIDO MINI MASA,229
21.11.9011.00,KIDO MINI SANDALYE GREEN,99
21.11.9012.00,KIDO MINI SANDALYE RED,99
21.10.6011.00,OCEAN TAVAN AYDINLATMASI,169
21.10.6192.00,BUTTERFLY TAVAN AYDINLATMASI,149
21.10.6194.00,CAPTAIN TAVAN AYDINLATMASI,269
21.10.6198.00,PRINCESS TAVAN AYDINLATMASI,159
21.10.6211.00,CANDY TAVAN AYDINLATMASI,139
21.10.6280.00,CANDY MASA AYDINLATMASI,149
21.10.6281.00,BUTTERFLY MASA AYDINLATMASI,149
21.10.6282.00,CAPTAIN MASA AYDINLATMASI,219
21.10.6298.00,PRINCESS MASA AYDINLATMASI,159
21.10.6299.00,BILIGHT TAVAN AYDINLATMASI,159
21.10.6300.00,DOTTY TAVAN AYDINLATMASI PINK,239
21.10.6301.00,DOTTY TAVAN AYDINLATMASI BLUE,239
21.10.6303.00,DOTTY MASA AYDINLATMASI PINK,159
21.10.6304.00,DOTTY MASA AYDINLATMASI BLUE,159
21.10.6306.00,BABY DREAM TAVAN AYDINLATMASI,139
21.10.6307.00,BABY SAFARI TAVAN AYDINLATMASI,139
21.10.6308.00,RACER TAVAN AYDINLATMASI,89
21.10.6309.00,BILAMP MASA AYDINLATMASI,129
21.10.6310.00,SPLIT TAVAN AYDINLATMASI,129
21.10.6312.00,BLACK PIRATE TAVAN AYDINLATMASI,249
21.10.6313.00,BLACK PIRATE MASA AYDINLATMASI,179
21.10.6010.00,OCEAN MASA AYDINLATMASI,159
21.05.5144.00,LILA TÜL,89
21.05.5146.00,CAPTAIN TÜL,69
21.05.5159.00,BICURTAIN TÜL,89
21.05.5164.00,FLORA TÜL,89
21.05.5165.00,FLORA GÜNEŞLİK,119
21.05.5166.00,BIPANEL TÜL,89
21.05.5167.00,BABY SAFARI TÜL,89
21.05.5168.00,BABY DREAM TÜL,89
21.05.5169.00,RACER TÜL,89
21.05.5171.00,SPACE TÜL,69
21.05.5172.00,LOVE TÜL,89
21.05.5173.00,COOL TÜL,69
21.05.5176.00,BALLERINA TÜL,89
21.05.5177.00,SWEETY TÜL,89
21.05.5178.00,PRINCESS TÜL,89
21.05.5180.00,SPLIT TÜL,89
21.05.5181.00,OCEAN TÜL,89
21.05.5182.00,ROYAL TÜL,89
21.05.5183.00,BLACK PIRATE TÜL,89
21.05.5244.00,LILA GÜNEŞLİK,119
21.05.5246.00,CAPTAIN GÜNEŞLİK,99
21.05.5259.00,BICURTAIN GÜNEŞLİK,119
21.05.5285.00,ROMANTİK GÜNEŞLİK,119
21.05.5185.00,ROMANTİK TÜL,89
21.05.5266.00,BIPANEL GÜNEŞLİK,119
21.05.5184.00,FLORA NEW TÜL,89
21.05.5267.00,BABY SAFARI GÜNEŞLİK,119
21.05.5268.00,BABY DREAM GÜNEŞLİK,119
21.05.5269.00,RACER TRAFFIC GÜNEŞLİK,119
21.05.5270.00,RACER GÜNEŞLİK,119
21.05.5271.00,SPACE GÜNEŞLİK,99
21.05.5272.00,LOVE GÜNEŞLİK,119
21.05.5273.00,COOL GÜNEŞLİK,99
21.05.5274.00,BABY FLOWER GÜNEŞLİK,119
21.05.5276.00,BALLERINA GÜNEŞLİK,119
21.05.5277.00,SWEETY GÜNEŞLİK,119
21.05.5278.00,PRINCESS GÜNEŞLİK,119
21.05.5280.00,SPLIT GÜNEŞLİK,119
21.05.5281.00,OCEAN GÜNEŞLİK,119
21.05.5282.00,ROYAL GÜNEŞLİK,119
21.05.5283.00,BLACK PIRATE GÜNEŞLİK,119
21.99.5179.00,SURVIVOR TÜL,89
21.99.5279.00,SURVIVOR GÜNEŞLİK,119
21.04.4354.00,CAPTAIN YATAK ÖRTÜSÜ,229
21.04.4367.00,FLORA YATAK ÖRTÜSÜ BLUE,249
21.04.4447.00,BICASE YATAK ÖRTÜSÜ,229
21.04.4450.00,FLORA PLUS YATAK ÖRTÜSÜ BLUE,249
21.04.4452.00,SPACE YATAK ÖRTÜSÜ,249
21.04.4453.00,LOVE YATAK ÖRTÜSÜ,249
21.04.4454.00,COOL YATAK ÖRTÜSÜ,229
21.04.4455.00,FLORA YATAK ÖRTÜSÜ PINK,249
21.04.4456.00,FLORA PLUS YATAK ÖRTÜSÜ PINK,249
21.04.4457.00,RACER YATAK ÖRTÜSÜ YELLOW,259
21.04.4458.00,RACER YATAK ÖRTÜSÜ BLUE,259
21.04.4459.00,BISPREAD YATAK ÖRTÜSÜ,259
21.04.4460.00,LILA YATAK ÖRTÜSÜ,249
21.04.4461.00,BALLERINA YATAK ÖRTÜSÜ,249
21.04.4462.00,BIPINKY YATAK ÖRTÜSÜ,249
21.04.4463.00,SWEETY YATAK ÖRTÜSÜ,249
21.04.4464.00,PRINCESS YATAK ÖRTÜSÜ,249
21.04.4465.00,SURVIVOR YATAK ÖRTÜSÜ,229
21.04.4466.00,SPLIT YATAK ÖRTÜSÜ,229
21.04.4477.00,OCEAN YATAK ÖRTÜSÜ,249
21.04.4478.00,ROYAL YATAK ÖRTÜSÜ,229
21.04.4479.00,BLACK PIRATE HOOK YATAK ÖRTÜSÜ,259
21.04.4480.00,BLACK PIRATE YATAK ÖRTÜSÜ,269
21.04.4481.00,FLORA NEW YATAK ÖRTÜSÜ ,269
21.04.4482.00,ROMANTİK YATAK ÖRTÜSÜ,269